effect,se,n,study_id
0.60399997,0.287,51,1
-0.018999999,0.183,119,2
0.14399999,0.169,142,2
0.249,0.27000001,54,2
0.42899999,0.18799999,114,3
0.75099999,0.175,138,3
0.121,0.222,80,3
0.31999999,0.13699999,240,4
0.64700001,0.23899999,72,4
0.875,0.30500001,46,4
0.77399999,0.249,68,5
0.62099999,0.26100001,60,5
0.63300002,0.243,71,6
0.38600001,0.18700001,126,6
0.38600001,0.19,112,6
