effect,se,n,study_id
1.0,0.187317162,120,1
2.0,0.187317162,120,2
3.0,0.206284249,100,3
4.0,0.277555467,58,4
5.0,0.206284249,100,5
6.0,0.129506486,245,6
7.0,0.129506486,245,7
8.0,0.206284249,100,8
9.0,0.104726619,373,9
10.0,0.073572612,881,10
11.0,0.135293575,226,11
12.0,0.075860256,784,12
13.0,0.206284249,100,13
14.0,0.129640745,244,14
15.0,0.197075144,109,15
16.0,0.193762379,113,16
