effect,se,n,study_id
1.0,0.187317162,120,1
2.0,0.187317162,120,1
3.0,0.206284249,100,2
4.0,0.277555467,58,3
5.0,0.206284249,100,4
6.0,0.129506486,245,4
7.0,0.129506486,245,4
8.0,0.206284249,100,4
9.0,0.104726619,373,5
10.0,0.073572612,881,5
11.0,0.135293575,226,6
12.0,0.075860256,784,7
13.0,0.206284249,100,7
14.0,0.129640745,244,8
15.0,0.197075144,109,9
16.0,0.193762379,113,9
