effect,se,n,study_id
1.0,0.187317162,60,1
2.0,0.187317162,60,2
3.0,0.206284249,50,3
4.0,0.277555467,28,4
5.0,0.206284249,50,5
6.0,0.129506486,128,6
7.0,0.129506486,128,7
8.0,0.206284249,50,8
9.0,0.104726619,201,9
10.0,0.073572612,268,10
11.0,0.135293575,122,11
12.0,0.075860256,265,12
13.0,0.206284249,50,13
14.0,0.129640745,122,14
15.0,0.197075144,54,15
16.0,0.193762379,60,16
